f16f04847827;- prove my innocence
f16f04840d7f;- this is my spot!
f16f0483f37f;- make a to do list
f16f0483141f;- take my medicine
f16f0482ee8f;- suit up!
f16f04820140;- Timmy!!!
f16f048161b8;- download the entire Internet to save it from inevitable heat death of th Universe
f16f0480a4b8;- choose red pill this time
f16f04801ba0;- practice yodeling
f16f047f1159;- score four times against Liverpool
f16f047c9dd1;- go to Baldur's Gate to learn about my true nature
f16f047b7f11;- be like Buddha
f16f047acb0a;- grow a pair
f16f047ab7f9;- wingardium leviosa
f16f0479ab62;- talk to that nice girl from Oxygen and try to make a good impression
f16f04784c32;- that nice girl from Oxygen, I should finally know her name... er... maybe nex time.
f16f04766ed3;- teach myself C++ in 21 days
f16f047401ac;- get a job
f16f047367bc;- escape from the friendzone. seriously this time.
f16f04730f74;- finally start doing FdF
f16f047136ed;- befriend a racoon
f16f04703f35;- find true love
f16f0470080d;- celebrate Hanukkah
f16f046f619d;- relax
f16f046dd8cd;- aaaaarrrrgh!!!
f16f046c84b6;- release the Kraken
f16f046bbf1e;- Sit my ass on the Iron Throne!
f16f0468ae4f;- find G.E.C.K
f16f0466fe27;- rock'n'roll all nite
f16f0465d470;- celebrate Hanukah
f16f0465a160;- kill Kenny
f16f04657600;- catch them all
f16f046474f8;- go to Mordor
f16f04621089;- invade Aiur
f16f04613ef1;- I am Groot
f16f04607bb9;- escape from Wolfenstein castle
f16f045f7ac2;- git push
f16f045f0322;- become a real boy
f16f045ed551;- call Cthulhu
f16f045e1c1a;- krush, kill & destroy
f16f045d91b2;- rescue rangers
f16f045d58d2;- Save Azeroth from the orcs!
f16f045cb342;- kill Bill
f16f045c60d3;- ???
f16f045c4ff2;- PROFIT!
f16f045ba67c;- free Willie
f16f045b55a2;- capture the flag
f16f045b3482;- save princess
f16f045af543;- construct additional pylons
f16f0455eccc;- party like hell